"TIV of arms exports from USA, 1950-2006"
"Generated: 02 November 2007"
"Source: SIPRI Arms Transfers Database"
"For more information, see"
"http://www.sipri.org/contents/armstrad/output_types_TIV.html",,,,,,,,,,,,,,,,,,,,,,,,,,,,,,,,,,,,,,,,,,,,,,,,,,,,,,,,,,,
,,,,,,,,,,,,,,,,,,,,,,,,,,,,,,,,,,,,,,,,,,,,,,,,,,,,,,,,,,,
,,,,,,,,,,,,,,,,,,,,,,,,,,,,,,,,,,,,,,,,,,,,,,,,,,,,,,,,,,,
,,1950,1951,1952,1953,1954,1955,1956,1957,1958,1959,1960,1961,1962,1963,1964,1965,1966,1967,1968,1969,1970,1971,1972,1973,1974,1975,1976,1977,1978,1979,1980,1981,1982,1983,1984,1985,1986,1987,1988,1989,1990,1991,1992,1993,1994,1995,1996,1997,1998,1999,2000,2001,2002,2003,2004,2005,2006,Total
,Afghanistan,,,,,,,,,,,,,,,,,,,,,,,,,,,,,,,,,,,,,,,,,,,,,,,,,,,,,,,,12,,12
,Afghanistan/Mujahideen,,,,,,,,,,,,,,,,,,,,,,,,,,,,,,,,,,,1,1,16,40,8,0,,,,,,,,,,,,,,,,,,66
,Albania,,,,,,,,,,,,,,,,,,,,,,,,,,,,,,,,,,,,,,,,,,,,,,2,,,,,,,,,,,,2
,Algeria,,,,,,,,,,,,,,2,,,,,,,,,,,,,,0,24,0,,114,84,200,167,15,,,,2,29,,,,,,,,,,30,75,44,,,,,786
,Angola,,,,,,,,,,,,,,,,,,,,,,,,,,,,,,,,,,,,,,,5,,,,,,5,,,,,,,,,,,,,10
,Angola/UNITA,,,,,,,,,,,,,,,,,,,,,,,,,,,,,,,,,,,,,12,13,,1,,,,,,,,,,,,,,,,,,26
,Argentina,54,443,38,4,10,1,39,15,67,32,85,181,44,6,4,4,62,128,92,30,174,240,307,97,130,141,159,74,153,80,50,36,8,28,22,38,,8,3,3,14,3,22,14,54,62,32,113,185,278,70,2,13,12,16,4,17,4001
,Australia,,21,100,,,10,82,102,217,231,48,29,198,23,41,595,389,438,115,339,182,179,15,620,751,57,42,140,799,141,363,331,83,527,608,538,689,580,736,646,298,93,341,464,261,64,52,27,21,269,208,128,196,263,217,225,401,14533
,Austria,,,,2,,,40,53,42,8,,,,,,13,,,,,26,,,50,58,93,53,51,,,,,,105,,,,5,18,14,,,,,,,,26,27,,,,61,,,,,745
,Bahamas,,,,,,,,,,,,,,,,,,,,,,,,,,,,,,,,,,,1,,,,,,2,2,,,,,,,,,54,,,,,,,59
,Bahrain,,,,,,,,,,,,,,,,,,,,,,,,0,1,,,1,,,,,6,10,10,43,43,151,46,,362,65,35,0,,36,172,67,6,6,299,6,58,6,,53,,1482
,Bangladesh,,,,,,,,,,,,,,,,,,,,,,,,,,,,25,,,,18,5,,,,,,12,,,16,22,,,9,,1,,,61,,,,,,,169
,Barbados,,,,,,,,,,,,,,,,,,,,,,,,,,,,,,,,,,,1,,,,,,,,,,,,,,,,,,,,,,,1
,Belgium,35,320,569,451,174,329,340,305,348,102,93,30,33,666,708,504,6,6,6,,,,168,168,,,82,64,14,475,248,428,343,539,561,266,85,85,401,200,310,114,13,11,11,5,4,24,36,57,24,24,27,27,12,,,9851
,Belize,,,,,,,,,,,,,,,,,,,,,,,,,,,,,,,,,,,,,,,,,,,,,,,0,,,,,,,,,,,0
,Benin,,,,,,,,,,,,,,,,,,,,,1,,,,,,,,,,,,,,,,,,,,,,,,,,,,,,,,,,,,,1
,Bolivia,,6,,,2,,,,26,3,,2,2,4,4,1,1,14,14,1,2,1,9,9,2,18,17,1,4,1,1,3,2,,,7,7,,56,61,,10,7,10,9,,,,,9,18,,,,,,20,364
,Bosnia-Herzegovina,,,,,,,,,,,,,,,,,,,,,,,,,,,,,,,,,,,,,,,,,,,,,,,43,25,,16,,,,,,,,84
,Botswana,,,,,,,,,,,,,,,,,,,,,,,,,,,,,,0,,,,,,,,17,15,1,9,,,2,,,,18,,,,15,,,,,,77
,Brazil,,246,,28,8,28,8,85,117,119,49,200,27,67,11,132,41,221,150,31,69,49,289,349,142,429,167,9,80,10,9,5,1,1,1,3,14,100,44,346,38,12,7,,37,,45,129,,14,27,120,70,8,57,52,16,4317
,Brunei,,,,,,,,,,,,,,,,1,,,1,,5,10,,,15,,,,,,,1,13,29,,,13,,,,,,,,,,7,15,7,,,,,0,0,,,117
,Bulgaria,,,,,,,,,,,,,,,,,,,,,,,,,,,,,,,,,,,,,,,,,,,,,,,,,,4,,,,,,,,4
,Burkina Faso,,,,,,,,,,,,,,,,,,,,1,,,,,,,,,,,,,,,,,,,,,,,,,,,,,,,,,,,,,,1
,Cambodia,,,,,1,,9,1,4,,,0,4,6,4,,9,2,,2,6,18,88,98,23,,,,,,,,,,,,,,,,,,,,,,,,,,,,,,,,,275
,Cameroon,,,,,,,,,,,,,,1,,,,,,,,1,,,,,,56,,,,,29,1,9,,,,,,3,,,,,,,,,,,,,,,,,100
,Canada,529,896,956,1272,975,1019,676,218,152,192,182,1721,1003,896,634,439,273,104,276,504,579,623,260,44,161,187,13,13,13,35,383,396,189,614,615,811,814,769,655,14,19,430,123,132,325,280,293,244,70,104,166,93,31,52,74,100,101,22742
,CAR,,,,,,,,,,,,,,,,,,,,,,,,,,,,,,,,,,,,,,,,,,,,,,,,,,,,,,,,,9,9
,Chad,,,,,,,,,,,,,,,,,,,,,,,,,,,,,,,,,,10,9,,8,3,9,57,,,,,,,,,,,,,,,,,,96
,Chile,1,249,17,10,20,5,27,14,29,2,29,42,14,118,11,35,56,,6,8,56,34,44,57,114,63,241,23,12,6,11,2,27,5,12,4,8,9,11,15,10,13,64,31,43,32,11,7,17,5,10,14,,,11,,285,2000
,China,,,,,,,,,,,,,,,,,,,,,,,,,,,,,,,,,,,59,98,,,10,,,,,1,14,3,3,,,31,,,,,,,,219
,Colombia,3,4,12,12,22,13,8,13,21,10,4,64,4,22,6,13,29,15,32,118,3,22,16,54,,,3,7,9,36,3,20,16,41,101,8,17,3,35,99,2,41,13,51,39,37,36,97,79,41,62,261,123,85,,3,30,1918
,Costa Rica,,,,,,3,,,,,,,,1,,,0,,,,,,,2,,3,,,5,,1,,,,,2,1,,,,,,,,,,,,,,,,,,,,,18
,Cote d'Ivoire,,,,,,,,,,,,,,,,,,,,,,,,,,,,,,5,,,,,,,,,,,,,1,,,,,,,,,,,,,,,6
,Croatia,,,,,,,,,,,,,,,,,,,,,,,,,,,,,,,,,,,,,,,,,,,,,,,,7,,,,68,,,,,,75
,Cuba,,7,0,0,3,11,20,6,,1,,,,,,,,,,,,,,,,,,,,,,,,,,,,,,,,,,,,,,,,,,,,,,,,48
,Cuba/Anti-Castro rebels,,,,,,,,,,,,1,,,,,,,,,,,,,,,,,,,,,,,,,,,,,,,,,,,,,,,,,,,,,,1
,Cyprus,,,,,,,,,,,,,,,,,,,,,,,,,,,,,,,,,,,,,,,,,7,,,,,,,4,,,,,,,,,,11
,Czech Republic,,,,,,,,,,,,,,,,,,,,,,,,,,,,,,,,,,,,,,,,,,,,,,,,,,,3,44,28,18,,44,14,151
,Denmark,9,30,356,410,25,47,60,63,53,275,173,322,30,115,301,264,11,20,37,4,26,14,9,,33,87,57,59,105,4,348,392,398,218,106,114,,83,89,84,3,15,20,8,51,26,38,77,89,42,34,36,12,8,137,27,40,5494
,Djibouti,,,,,,,,,,,,,,,,,,,,,,,,,,,,,,,,,,,,,,,,,,1,,,,,,,,,,,,,,,,1
,Dominican Republic,2,8,10,21,2,,,1,2,2,10,9,,7,4,10,3,2,,,1,2,7,0,,2,12,,,,8,5,29,,5,3,3,,2,,,,,,,,4,,6,2,,1,0,3,27,,,215
,DRC (Zaire),,,,,,,,,,,,9,5,24,70,16,0,,,,,72,,,,94,2,30,,,,,,,,,,25,,,,,,,,,,,,,,,,,,,,347
,Ecuador,,,,11,,,5,,8,,58,,,4,2,23,,15,4,1,5,3,,3,2,6,40,91,22,5,128,6,12,14,39,9,,15,13,4,7,29,,18,,,,,6,,,,,,2,2,,612
,Egypt,23,0,,,0,,,,,,,,,,,,,,,,,,,,,,56,112,,322,386,880,1378,1002,365,405,945,1118,238,167,436,861,1010,1018,1742,1658,788,909,522,461,823,781,528,391,478,526,538,20867
,El Salvador,1,,,,1,,,17,,,,,,0,,1,1,0,17,6,9,1,,,9,,10,8,1,1,6,5,27,11,59,42,4,,,,,18,3,,,3,3,,2,,,,16,9,,,,291
,Estonia,,,,,,,,,,,,,,,,,,,,,,,,,,,,,,,,,,,,,,,,,,,,,,,,4,,,,,1,14,,,,19
,Ethiopia,,,,6,,,1,5,10,6,16,6,15,1,3,6,76,25,33,1,45,38,2,,10,37,103,21,,,,,,,,,,,,,,,,,,,,37,,,,,,,,,,503
,Fiji,,,,,,,,,,,,,,,,,,,,,,,,,,9,4,,,,,,,,,,,,,,,,,,,,,,,,,,,,,,,13
,Finland,,,,,,,,3,,,,,,,,,,,,,,,,,3,6,,,,,,,19,1,3,,,,1,,,,72,72,,150,343,391,547,792,509,,7,,,,,2919
,France,192,388,531,1006,954,1129,1040,589,885,626,214,192,171,97,1203,235,65,67,79,70,94,88,63,77,15,,,,,,,,,4,,,,84,88,126,37,929,317,28,5,1,,79,127,93,20,16,20,17,78,,14,12153
,Gabon,,,,,,,,,,,,,,,,,,,,3,,,,,,34,29,28,1,,,32,5,,,,,,,,2,,,,,,,,,,,,,,,,,134
,Georgia,,,,,,,,,,,,,,,,,,,,,,,,,,,,,,,,,,,,,,,,,,,,,,,,,,,,6,,,,,,6
,Germany (FRG),,,,,,145,1173,1875,2344,876,1045,932,1373,2626,2871,2821,2567,1010,596,1023,1249,2426,564,1416,1455,1350,1031,329,10,18,64,130,171,164,200,44,233,291,359,565,667,702,960,881,496,192,131,61,157,90,90,118,46,23,105,97,,40162
,Ghana,,,,,,,,,,,,,,1,,,,1,,,,,8,,,,,,,1,1,,,,,,,2,,,,,,,,,,,,,,7,,,,,,21
,Greece,30,438,372,78,95,136,140,157,469,390,238,77,345,72,575,539,192,237,73,215,107,305,164,187,417,711,1144,489,528,235,167,141,58,53,66,46,75,28,123,764,764,342,1415,400,195,526,105,634,980,295,262,211,281,1527,797,74,49,19533
,Guatemala,,6,,,2,8,6,,,,9,,1,6,8,4,,1,16,1,,32,1,0,7,23,3,,,,1,36,12,0,6,0,1,0,0,0,0,0,,10,3,3,,,,,,,,,,,,206
,Guatemala/Armas,,,,,8,,,,,,,,,,,,,,,,,,,,,,,,,,,,,,,,,,,,,,,,,,,,,,,,,,,,,8
,Guinea,,,,,,,,,,,,,,,0,,,,,,,,,,,,,,,,,,,,,,,,,,,,,,,,,,,,,,,,,,,0
,Guyana,,,,,,,,,,,,,,,,,,,0,,,,,,,0,14,,,,,,,,,,,,,,,,,,,,,,,,,,,,,,,14
,Haiti,4,,3,,,0,0,,,,0,,,,2,,,,,2,,,,2,6,1,1,0,9,,,,0,0,,,,,,,,,,,,,,,,,,,,,,,,30
,Haiti/rebels,,,,,,,,,,,,,,,,,,,,7,,,,,,,,,,,,,,,,,,,,,,,,,,,,,,,,,,,,,,7
,Honduras,,1,1,,2,,9,1,17,1,,,14,,,1,2,,,2,,,,1,,21,6,11,,9,12,13,27,8,13,4,54,12,36,16,,,,,,,,,,,,,,,,,,294
,Hungary,,,,,,,,,,,,,,,,,,,,,,,,,,,,,,,,,,,,,,,,,,,,,,,,,,,,,,,,,37,37
,India,,1,67,,42,147,4,3,,,3,80,1,75,,,,,,,,1,1,,,,,,,,,,,,,,4,3,41,3,4,4,14,4,4,4,4,4,3,6,3,,3,3,3,3,81,623
,Indonesia,1,1,1,6,0,1,,12,31,31,167,184,13,4,,1,7,1,5,1,20,85,6,40,63,,64,42,81,51,305,85,142,115,25,13,34,9,69,105,147,2,,4,4,4,24,22,10,30,4,4,6,6,6,2,,2096
,Indonesia/rebels,,,,,,,,,3,,,,,,,,,,,,,,,,,,,,,,,,,,,,,,,,,,,,,,,,,,,,,,,,,3
,Iran,4,6,0,1,81,115,126,52,65,45,11,98,96,120,130,182,430,164,774,1145,1062,1112,573,1277,2238,5358,3653,5185,1925,240,,,,,,9,97,,,,,,,,,,,,,,,,,,,,,26374
,Iraq,,,,,,,21,4,4,,,,,,,,,,,,,,,,,,,,,,,,,27,,9,9,30,125,,,,,,,,,,,,,,,,3,34,26,292
,Ireland,,,,,,,,,,,,,,,,,,,,,,,,,,,,3,3,,3,,,,,,13,,,,,,,,4,,,,,,,,,,,,1,27
,Israel,2,1,4,5,0,0,3,10,3,17,,12,43,4,115,164,130,169,382,1054,1154,1142,746,2382,1212,988,1617,977,1261,672,1225,1591,865,476,278,297,1167,1094,582,25,71,1214,1293,723,847,304,65,42,1351,737,85,109,282,84,836,1083,985,31980
,Italy,138,203,361,665,258,454,1058,829,339,503,440,338,457,864,974,670,386,70,132,403,446,566,1215,565,567,553,408,476,475,411,228,91,169,276,170,108,112,68,87,42,47,118,91,176,160,96,164,296,4,,225,252,148,495,412,59,31,19349
,Jamaica,,,,,,,,,,,,,,0,0,,,,,,,2,,,7,15,1,1,2,,,0,,,,,2,,,4,,,,,,,,,4,,,,,,,,,38
,Japan,,,1,217,231,394,685,984,1028,684,739,390,235,372,1660,1078,288,518,417,358,456,525,562,525,870,1497,1503,851,688,637,710,1000,1392,1602,1911,1816,1692,1803,1799,2090,2574,2896,2381,2033,977,1157,773,827,1484,1268,401,462,395,426,384,290,350,53286
,Jordan,,,,,,,,,0,,,,,1,,15,70,69,27,114,126,58,45,29,38,284,276,440,566,261,400,149,251,103,249,170,,14,8,5,10,,,1,5,19,76,84,271,6,21,25,3,85,115,3,41,4533
,Kazakhstan,,,,,,,,,,,,,,,,,,,,,,,,,,,,,,,,,,,,,,,,,,,,,,,,,,,,,,,19,,,19
,Kenya,,,,,,,,,,,,,,,,,,,1,,0,,,1,,,,40,97,5,26,45,23,,,6,,,,,4,4,,,,,,,,,,,,,,,,252
,Kuwait,,,,,,,,,,,,,,,,,,,,,,58,,,2,4,16,319,325,7,24,,,136,44,62,42,14,8,,13,42,897,670,24,376,976,313,15,,,,,29,,14,107,4537
,Laos,,,,,,,2,1,10,0,3,4,10,8,5,5,10,8,3,5,26,1,10,31,22,1,,,,,,,,,,,,,,,,,,,,,,,,,,,,,,,,165
,Latvia,,,,,,,,,,,,,,,,,,,,,,,,,,,,,,,,,,,,,,,,,,,,,,,,,,,,,,14,,,,14
,Lebanon,,,,,,,,,23,,,,9,9,,,,,,,,4,4,,,1,1,,,,3,2,13,57,53,29,,,,,,,,,12,34,20,6,5,4,4,,,,,1,,294
,Lesotho,,,,,,,,,,,,,,,,,,,,,,,,,,,,,,,,,,,,,,,,0,,,,,,,,,4,,,,,,,,,4
,Liberia,,,,,,,,,,1,,,,,2,,,5,,,,0,1,,,,2,,2,,,,,,,,2,,,,,,,,,,,,,,,,,,,,,15
,Libya,,,,,,,,,,0,,,,3,9,9,2,,40,40,224,,,,,2,,,0,,,,,,,,,,,,,,,,,,,,,,,,,,,,,329
,Lithuania,,,,,,,,,,,,,,,,,,,,,,,,,,,,,,,,,,,,,,,,,,,,,,,,,,,,,,1,,,14,15
,Luxembourg,,,0,0,,,,,,,,,,,,,,,,,,,,,1,,,,,,,,1,,,,,,,,,,,,,,4,,,1,,,,1,,,,8
,Macedonia,,,,,,,,,,,,,,,,,,,,,,,,,,,,,,,,,,,,,,,,,,,,,,,,,2,2,4,0,,,,,,8
,Madagascar,,,,,,,,,,,,,,,,,,,,,,0,0,,,,,,,,,,,,,,,,,,,,,,,,,,,,,,,,,,,0
,Malawi,,,,,,,,,,,,,,,,,,,,,,,,,,,,,,,,,,,,,,,,,7,,,,,,,,,,,,,,,,,7
,Malaysia,,,,,,,,,,,,1,,,,,,,60,,,59,6,6,18,81,268,48,62,58,86,53,,22,12,143,101,,,,,29,,,58,183,,347,,11,,,9,32,11,2,12,1778
,Mali,,,,,,,,,,,,,,,,,,,,,,,,,,,,,,,,,,,,,,,,,,,,,,,,7,3,,,,,,,,,10
,Mauritania,,,,,,,,,,,,,,,,,,,,,,,,,,,,,,,,15,,,,,,,,,,,,,,,,,3,,,,,,,,,18
,Mauritius,,,,,,,,,,,,,,,,,,,1,,,,,,,,,,,,,,,,,,,,,,,,,,,,,,,,,,,,,,,1
,Mexico,,25,,6,,,,,6,13,5,19,107,60,7,,20,14,0,,84,45,9,151,18,22,7,18,51,,,80,236,4,,,5,103,66,63,23,14,1,170,62,,40,261,19,26,115,135,44,15,45,8,18,2240
,Morocco,,,,,,,,,,,,,17,,0,27,130,103,5,,,1,,,105,90,40,178,155,205,35,362,74,109,,,18,2,35,55,20,43,14,86,117,,26,31,,8,3,,,,,,,2094
,Myanmar (Burma),,,,,,,,4,,17,8,21,9,14,2,10,9,12,5,,,22,3,,,21,,,15,,,,,3,,,,,,,,,,,,,,,,,,,,,,,,175
,Namibia,,,,,,,,,,,,,,,,,,,,,,,,,,,,,,,,,,,,,,,,,,,,,2,2,,,,,,,,,,,,4
,NATO,,,,,,,,,,,,,,,,,,,,,,,,,,,,,,,,,1250,1250,1250,750,,,,,,,,,,,,,,,,,,,,,,4500
,Nepal,,,,,,,,,,,,,,,,,,,,,,,,,,,,,,,,,,,,,,,,1,,,,,,,,,,,,,,,,,,1
,Netherlands,58,337,272,491,411,183,452,341,279,114,265,237,239,619,723,684,168,114,101,208,281,281,304,,5,39,34,263,399,392,508,667,875,948,800,532,364,639,394,682,280,280,203,77,125,21,90,76,286,287,140,185,228,60,129,97,126,17393
,New Zealand,,,,,,,,,,,4,,12,,,1,237,4,56,,165,5,6,6,6,6,3,,,,,35,,5,5,7,22,,,5,,,10,,,7,7,28,13,22,,45,15,48,33,,3,821
,Nicaragua,,,,3,13,5,1,,6,,1,4,5,6,0,0,2,,,,,5,5,5,,,10,,13,,,,,,,,,,,,,,,,,,,,,,,,,,,,,84
,Nicaragua/Contras,,,,,,,,,,,,,,,,,,,,,,,,,,,,,,,,,,8,1,,5,14,,,,,,,,,,,,,,,,,,,,28
,Niger,,,,,,,,,,,,,,,,,,,,1,,,,,,,,,,56,,,,,,,,,,,,,,,,,,,,,,,,,,,,57
,Nigeria,,,,,,,,,,,,,,,,,,,,,,4,,4,2,84,84,,,,3,5,6,4,5,92,5,,,,,,4,5,5,2,2,1,,,,,4,11,,,,332
,Nigeria/Biafra,,,,,,,,,,,,,,,,,,2,,,,,,,,,,,,,,,,,,,,,,,,,,,,,,,,,,,,,,,,2
,North Korea,,,,,,,,,,,,,,,,,,,,,,,,,,,,,,,,,,23,23,14,,,,,,,,,,,,,,,,,,,,,,60
,North Yemen,0,,4,,,,,,,,,,,,,,,,,,,,,,,,,,,364,,,,,,,,,,,,,,,,,,,,,,,,,,,,368
,Norway,18,66,385,423,14,150,198,137,143,137,209,115,34,206,42,30,316,288,244,500,56,4,4,13,12,112,9,9,7,35,234,377,387,383,204,38,21,165,125,370,45,15,15,24,15,50,104,96,88,124,110,90,8,4,5,3,74,7090
,Oman,,,,,,,,,,,,,,,,,2,,,,,1,,0,,36,,,,,,39,41,59,10,,27,,,,36,,4,6,20,12,27,3,12,,,1,6,4,13,75,399,833
,Pakistan,34,,0,,41,98,138,227,165,322,43,67,76,192,77,16,6,11,,,9,,0,23,71,31,21,12,200,37,182,33,93,247,475,547,118,84,74,648,61,35,17,17,17,17,195,127,17,5,,,16,,104,83,102,5231
,Panama,,,,,,,,,,,,,,,0,,,,0,3,2,18,2,11,,25,6,5,4,,,,4,5,0,8,,,2,,,,2,,,,0,6,,,,,,,,,,103
,Papua New Guinea,,,,,,,,,,,,,,,,,,,,,,,,,,,,,,,,,,,,,,,,,,2,2,,,,,,,,,,,,,,,4
,Paraguay,5,,1,1,,0,,,,,6,,5,0,4,2,1,5,1,,0,1,1,0,,0,2,,1,,,3,,,,,,,,,,,,,,,,,,,,,,,,,,39
,Peru,,,76,,94,24,35,85,21,23,62,93,15,14,6,31,42,3,3,2,22,3,13,47,57,172,165,43,41,39,58,27,4,70,34,59,31,46,104,,,15,8,3,,,19,6,12,1,,1,5,22,47,25,22,1850
,Philippines,41,2,1,32,2,37,36,30,45,15,43,43,8,4,2,97,87,37,15,26,9,88,51,110,12,90,247,136,228,15,62,6,2,123,46,28,,26,9,13,15,26,58,48,45,12,,,31,,,9,5,3,19,8,35,2218
,Poland,,,,,,,,,,,,,,,,,,,,,,,,,,,,,,,,,,,,,,,,,,1,,,,1,,,,,133,27,168,14,5,6,154,509
,Portugal,10,13,124,228,183,114,30,42,72,4,13,28,1,32,32,20,59,66,66,,17,9,,,6,6,,100,114,2,22,41,124,,94,131,3,7,116,22,21,178,4,87,422,14,7,0,4,,1,13,,57,29,289,203,3280
,Qatar,,,,,,,,,,,,,,,,,,,,,,,,,,,,,,,,,,,,,,,,,,,,,,,,0,3,3,2,,,,,,,8
,Reg. Sec. System,,,,,,,,,,,,,,,,,,,,,,,,,,,,,,,,,,,,,,,,,,,,,,,,,,13,,,,,,,,13
,Romania,,,,,,,,,,,,,,,,,,,,,,,,,,,,,,,,,,,,,,,,,,,,,,,18,18,54,17,3,1,1,1,19,49,32,213
,Rwanda,,,,,,,,,,,,,,,,0,,,,,,,,,,,,,,,,,,,,,,,,,,,,,,,,,,,,,,,,,,0
,Saudi Arabia,,,6,1,1,9,5,45,31,6,11,12,23,,,48,161,190,176,,,,80,141,352,364,352,714,948,594,717,1360,1868,1442,376,240,1398,986,199,234,963,382,875,1936,897,915,1408,1674,1811,1166,3,33,77,104,94,143,148,25719
,Senegal,,,,,,,,,,,,,,0,,,,,,,,,,,,,,,,,,,,,,,,,,,,,,,,,,,,,,,,,,,,0
,Serbia & Mont.,,63,366,532,543,308,202,150,112,180,171,61,,,,,,,,,,,,,,3,3,,,,,,,27,42,,,,,,,,,,,,,,,,,,,,,,,2763
,Sierra Leone,,,,,,,,,,,,,,,,,,,,,,,,1,,,,,0,,,,,,,,,,,,,,,,,,,,,,,,,,,,,1
,Singapore,,,,,,,,,,,,,,,,,,,,5,38,29,5,26,100,99,50,133,42,266,358,290,133,181,40,60,,205,441,144,202,100,51,136,67,18,39,427,605,186,416,60,212,47,371,537,30,6149
,Slovenia,,,,,,,,,,,,,,,,,,,,,,,,,,,,,,,,,,,,,,,,,,,,30,10,13,,,,,,0,,,,,,53
,Somalia,,,,,,,,,,,,,,,,,,,,,,,,,,,,,,,,2,42,,,,11,,,,,,,,,,,,,,,,,,,,,55
,South Africa,,75,89,,,,10,,,1,,,5,166,5,5,15,1,1,1,,,,,,,24,,,,,,,,,,11,2,,,,,,,,,,9,,18,,,,,,,14,452
,South Korea,155,187,209,195,180,357,410,197,158,160,120,152,82,209,57,851,782,212,370,354,113,225,341,204,307,669,465,1192,319,1013,605,468,307,355,444,811,740,685,1099,1475,899,703,566,475,551,1600,1436,734,1164,1145,835,290,186,437,857,485,1010,30607
,South Vietnam,,,,,1,6,45,7,15,22,40,98,151,112,77,112,129,189,189,440,479,795,1788,555,292,,,,,,,,,,,,,,,,,,,,,,,,,,,,,,,,,5542
,Spain,2,,,8,58,148,254,270,85,220,200,62,66,4,35,350,185,254,112,135,153,402,552,710,451,583,449,52,274,269,198,206,186,50,30,77,879,1025,1715,488,580,77,157,274,713,221,282,142,21,234,194,125,159,77,134,77,18,14682
,Sri Lanka,,,,,,,,,,,,,,,0,,,,,2,,3,4,,,,0,,,,,,0,,10,38,22,16,,,16,,,,,,,,12,,9,,9,6,16,,,163
,St Kitts and Nevis,,,,,,,,,,,,,,,,,,,,,,,,,,,,,,,,,,,,5,,,,,,,,,,,,,,,,,,,,,,5
,St Vincent,,,,,,,,,,,,,,,,,,,,,,,,,,,,,,,,,,,,,,5,,,,,,,,,,,,,,,,,,,,5
,Sudan,,,,,,,,,,,,,,,,3,4,,,,,,,,,,,,170,2,,29,104,3,29,,,2,2,,,,,,,,,,,,,,,,,,,348
,Sweden,,,8,,,,,11,11,15,11,1,11,41,59,29,25,66,97,45,27,4,70,75,75,103,75,100,185,110,112,191,44,45,30,40,86,104,50,58,48,37,21,24,34,65,68,70,193,65,68,38,30,30,30,62,58,2955
,Switzerland,,,1,,,,0,1,,,,,,12,55,58,56,26,32,13,46,64,47,30,8,54,54,,199,199,246,259,116,227,197,137,,15,48,23,13,119,20,41,114,93,187,388,447,498,,,,,18,,2,4163
,Syria,2,1,,,,20,,,,,,,,,,,,,,,,,,,,,,,,,,,,,,,,,,,,,,,,,,,,,,,,,,,,23
,Taiwan,,107,316,390,280,558,248,327,657,845,385,128,148,328,329,454,298,473,249,487,620,289,324,348,435,320,510,794,731,535,463,639,650,585,277,512,636,121,178,184,237,487,380,1106,866,1351,824,2979,2139,1705,565,434,314,116,336,725,624,31346
,Tanzania,,,,,,,,,,,,,,,,,,,,,1,2,4,2,2,,,,,,,2,,,,,,,,1,,,,,,,,,,,,,,,,,,14
,Thailand,29,86,40,27,,28,10,60,15,10,30,76,103,64,64,81,89,119,56,118,182,214,106,210,133,24,19,47,272,39,189,245,33,71,103,114,103,232,365,200,204,255,37,134,205,154,434,363,40,51,28,14,152,147,48,14,12,6298
,Togo,,,,,,,,,,,,,,,,,,,,,,1,,,,,,,,,,,,,,,1,,,,,,,,3,3,,,,,,,,,,,,8
,Tonga,,,,,,,,,,,,,,,,,,,,,,,,,,,,,,,,,,,,,,,,,,,,,,,0,,,,,,,,,,,0
,Trinidad & Tobago,,,,,,,,,,,,,,,,,,,,,,,,,1,,,,,,1,6,,,,,,,,,,,,,,,,,3,,1,1,,,,,,13
,Tunisia,,,,,,,,,,,3,,,,,6,,,11,16,,,5,22,5,,,,20,42,21,10,20,74,106,80,,56,12,39,,,8,,,18,23,25,23,10,,,75,,,,16,746
,Turkey,100,97,330,546,421,193,107,481,517,519,592,280,220,532,664,310,192,331,273,519,217,501,585,705,704,603,104,44,756,782,205,226,176,88,82,250,280,827,548,631,860,918,1669,1971,1344,737,650,1175,1633,1151,511,193,476,297,110,302,,29535
,UAE,,,,,,,,,,,,,,,,,,,,,,0,1,5,7,56,,15,,,,102,,29,61,5,128,202,30,6,6,,,92,213,35,154,12,27,10,81,13,12,,303,1371,1392,4368
,Uganda,,,,,,,,,,,,,,,,,0,,,3,,3,19,,,,,,,,,,15,,,,,,,,,,,,,,,,,,,,,,,,,40
,UK,103,202,563,1892,112,158,150,84,534,538,26,23,25,32,28,44,94,1308,2716,2968,,111,155,162,162,161,80,129,132,164,305,770,759,176,510,200,187,151,155,107,78,905,1183,1068,559,659,657,654,674,54,773,1223,388,459,100,26,229,25865
,United Nations,,,,,,,,,,,13,,,,,,,,,,,,,,,,,,,,,,,,,,,,,,,,,4,,,,,,,,,,,,,,17
,Unknown country,,,,,,,,,,,,20,20,20,20,20,20,20,20,20,20,,,,,,,,,,,,,,,,,,,,,14,14,16,,3,3,,3,,,,,,,,,253
,Uruguay,57,5,40,0,0,0,17,17,4,0,10,1,,0,1,8,6,1,11,8,8,13,21,5,5,4,26,2,,5,9,12,11,,,,,,3,12,,7,,18,9,,,,11,,,,,,,,,367
,Venezuela,,1,12,1,16,22,17,101,19,11,50,,29,19,7,,16,4,,7,11,128,103,223,8,78,14,79,55,10,19,55,69,138,16,396,10,,49,,,72,,,1,,3,,,17,,5,11,13,,,,1915
,Zimbabwe,,,,,,,,,,,,,,,,,,1,,,,,,,,,,,,,,,,,,,,,,,,,,1,,,,,,,,,,,,,,2
,,,,,,,,,,,,,,,,,,,,,,,,,,,,,,,,,,,,,,,,,,,,,,,,,,,,,,,,,,,
,Total,1642,4542,6242,8981,5286,6413,7947,8035,9212,7329,5937,6465,5558,8911,11653,11078,8257,7164,8198,11370,8713,11042,9791,11884,11733,16011,13951,14089,12607,8901,9752,12572,13427,13131,11081,10334,11428,12196,11551,10920,10503,12690,14444,14611,11801,11289,10919,14249,15388,11490,7508,5814,5009,5611,6665,7095,7940,